{
    "width": 45,
    "height": 95,
    "brightness": {
        "A": 0.8058195167954204,
        "B": 0.7736865045897096,
        "C": 0.8541460847880755,
        "D": 0.7936979712972863,
        "E": 0.8267024426571806,
        "F": 0.857881436281734,
        "G": 0.8032675160014489,
        "H": 0.805499369986573,
        "I": 0.8512941180056297,
        "J": 0.8663786269088237,
        "K": 0.8249228307587361,
        "L": 0.8758206632105927,
        "M": 0.7862960679271416,
        "N": 0.7669808520420252,
        "O": 0.8072716438465298,
        "P": 0.8130563014719568,
        "Q": 0.7732443534735349,
        "R": 0.7957142536786563,
        "S": 0.8336475180804032,
        "T": 0.8580309604587609,
        "U": 0.8244238051562978,
        "V": 0.8074422665567773,
        "W": 0.8098043811826677,
        "X": 0.8198619430551403,
        "Y": 0.8621992896209683,
        "Z": 0.8373241606441854,
        "a": 0.8365765399986888,
        "b": 0.8137947490044504,
        "c": 0.887513817675978,
        "d": 0.813425984000079,
        "e": 0.8386552007348217,
        "f": 0.8522380467865899,
        "g": 0.7559747744364695,
        "h": 0.8312193561855115,
        "i": 0.8687407411399639,
        "j": 0.8462561639864541,
        "k": 0.8367444107250163,
        "l": 0.8610251126477592,
        "m": 0.8136433901947144,
        "n": 0.8544790740703281,
        "o": 0.8455378975941423,
        "p": 0.811717005907095,
        "q": 0.8157614958791705,
        "r": 0.8927361546038535,
        "s": 0.8636229795531222,
        "t": 0.864615526347481,
        "u": 0.8519435850482934,
        "v": 0.8564274745351738,
        "w": 0.8449462225039799,
        "x": 0.8506859311034455,
        "y": 0.8479110200067012,
        "z": 0.8704827431907429,
        " ": 0.9999999999999998,
        "1": 0.8553028329335457,
        "2": 0.8419961020376597,
        "3": 0.8493934187589331,
        "4": 0.8194500638439989,
        "5": 0.8413925014410102,
        "6": 0.8168806336645842,
        "7": 0.8734145171914183,
        "8": 0.782069946882146,
        "9": 0.8170292404973715,
        "0": 0.7728471515114195,
        "!": 0.8903079928414165,
        "@": 0.7248251362153662,
        "#": 0.8010448351903268,
        "$": 0.7624364188296054,
        "%": 0.7957289311429212,
        "^": 0.9252819634651579,
        "&": 0.7617961251143125,
        "*": 0.9085939691246252,
        "(": 0.8811503273841232,
        ")": 0.8814750607433722,
        "-": 0.9565205826710538,
        "_": 0.9448118336856015,
        "=": 0.9089297101511592,
        "+": 0.9053814932825969,
        ",": 0.9430725836379137,
        ".": 0.9694007569037332,
        "<": 0.9169113637611531,
        ">": 0.9173039792983503,
        ";": 0.9173470935521766,
        "'": 0.966270840649019,
        ":": 0.9481160419673946,
        "\"": 0.9353661280295305,
        "/": 0.9059006999058332,
        "?": 0.8919940379000546,
        "\\": 0.9055456947504776,
        "|": 0.8825263162976816,
        "[": 0.8635211565410882,
        "]": 0.8614571727507294,
        "{": 0.8665428283479478,
        "}": 0.8664088987859716,
        "`": 0.9775163399911762,
        "~": 0.8134452478352345,
        "█": 0.04268409692753128,
        "▓": 0.3797188433220512,
        "▒": 0.796844402060174,
        "░": 0.8371893147976077,
        "▄": 0.43503818418198853,
        "▌": 0.6673638347122404,
        "▐": 0.4318357994507627,
        "▀": 0.6002871232702021,
        "│": 0.8793899787796867,
        "┤": 0.8512721027651724,
        "╡": 0.8324687541437428,
        "╢": 0.7268441711531743,
        "╖": 0.8473074196165764,
        "╕": 0.8807769754755566,
        "╣": 0.720877882778993,
        "║": 0.7428836157203418,
        "╗": 0.8135956892911452,
        "╝": 0.8127719308200635,
        "╜": 0.8418520819408851,
        "╛": 0.8845930515674123,
        "┐": 0.9136539392443427,
        "└": 0.9021726871477929,
        "┴": 0.880404541032356,
        "┬": 0.8879614727678353,
        "├": 0.8445847962857685,
        "─": 0.9375356037156622,
        "┼": 0.8319036816748958,
        "╞": 0.8319312014530973,
        "╟": 0.7324288511450526,
        "╚": 0.8111124878285224,
        "╔": 0.7939520705443376,
        "╩": 0.781718610807469,
        "╦": 0.8046902884586512,
        "╠": 0.6964742589798586,
        "═": 0.8982979016554982,
        "╬": 0.689302604236798,
        "╧": 0.8261575510627345,
        "╨": 0.8159486306968488,
        "╤": 0.8284141731401632,
        "╥": 0.8241302608885959,
        "╙": 0.8449480574172838,
        "╘": 0.8804540768945425,
        "╒": 0.8819658298938594,
        "╓": 0.8437922266631097,
        "╫": 0.7065354904759,
        "╪": 0.7817938315101535,
        "┘": 0.9123770214695679,
        "┌": 0.9089425529652868
    }
}