{
    "width": 9,
    "height": 20,
    "brightness": {
        " ": 0.0,
        ".": 0.05263157894736842,
        "\"": 0.10526315789473684,
        ",": 0.15789473684210525,
        ":": 0.21052631578947367,
        ";": 0.2631578947368421,
        "!": 0.3157894736842105,
        "~": 0.3684210526315789,
        "+": 0.42105263157894735,
        "-": 0.47368421052631576,
        "x": 0.5263157894736842,
        "m": 0.5789473684210527,
        "o": 0.631578947368421,
        "*": 0.6842105263157894,
        "#": 0.7368421052631577,
        "W": 0.7894736842105261,
        "&": 0.8421052631578945,
        "8": 0.8947368421052628,
        "@": 0.9473684210526312
    }
}