{
    "width": 9,
    "height": 20,
    "brightness": {
        "A": 0.19778510161497534,
        "B": 0.2221867800271552,
        "C": 0.15289660433191393,
        "D": 0.21567196492362356,
        "E": 0.17144002501639644,
        "F": 0.1498001336049289,
        "G": 0.19700747639712773,
        "H": 0.21059216086055252,
        "I": 0.15393294392453719,
        "J": 0.14617782384095096,
        "K": 0.19986577777386533,
        "L": 0.14019477401886965,
        "M": 0.2271337525073853,
        "N": 0.22977725971885438,
        "O": 0.19638714964720944,
        "P": 0.18716542866706015,
        "Q": 0.23679492816488365,
        "R": 0.21531993933173116,
        "S": 0.17186300968370505,
        "T": 0.14015488247436783,
        "U": 0.19792333720160854,
        "V": 0.19219952493779774,
        "W": 0.23053447106031488,
        "X": 0.20891410018580245,
        "Y": 0.1632540989086239,
        "Z": 0.16288226884259946,
        "a": 0.1679546005693161,
        "b": 0.1985365618438563,
        "c": 0.12793555808083878,
        "d": 0.19138054922808792,
        "e": 0.1614634017728062,
        "f": 0.15382998181291752,
        "g": 0.22321475353739734,
        "h": 0.1874012681313065,
        "i": 0.14980259554653114,
        "j": 0.16441017788449927,
        "k": 0.18596856553622826,
        "l": 0.1579298290405215,
        "m": 0.21169701969133067,
        "n": 0.15979266174890921,
        "o": 0.16156155004807649,
        "p": 0.19420157248650985,
        "q": 0.18619111555564322,
        "r": 0.12702364088934331,
        "s": 0.138898717075131,
        "t": 0.15664457819401806,
        "u": 0.15904810836718722,
        "v": 0.14290337975207304,
        "w": 0.18422394715624135,
        "x": 0.1645156459002652,
        "y": 0.16453780295652237,
        "z": 0.1374192617782702,
        " ": 0.0470588244497776,
        "1": 0.15683640854385572,
        "2": 0.1707733368373786,
        "3": 0.15525599432175774,
        "4": 0.19149562466829598,
        "5": 0.16381549339232349,
        "6": 0.18734924116672735,
        "7": 0.14675719247814273,
        "8": 0.21314006947154804,
        "9": 0.18833952432508688,
        "0": 0.22396826143316517,
        "!": 0.12495152749495786,
        "@": 0.2956545159578323,
        "#": 0.2177402874615043,
        "$": 0.21812595206590174,
        "%": 0.24193673720179748,
        "^": 0.10241361862553491,
        "&": 0.24752906800243576,
        "*": 0.13005163692171787,
        "(": 0.1469630529437835,
        ")": 0.1451427044438612,
        "-": 0.06853004481962158,
        "_": 0.08433457665592432,
        "=": 0.10957032878667942,
        "+": 0.11994760578773504,
        ",": 0.09329394509715752,
        ".": 0.06783980533625517,
        "<": 0.11962425076578642,
        ">": 0.11824494782468925,
        ";": 0.11137161429307113,
        "'": 0.0470588244497776,
        ":": 0.07766773572858009,
        "\"": 0.08201385758353603,
        "/": 0.10849361881439883,
        "?": 0.13162527500299942,
        "\\": 0.13697218133821676,
        "|": 0.13232991561986926,
        "[": 0.14779956671970174,
        "]": 0.15820470852787713,
        "{": 0.16881473112282241,
        "}": 0.15194342333268787,
        "`": 0.15332364121286401,
        "~": 0.06582544787921425,
        "█": 0.10562313935713216,
        "▓": 0.792573868572712,
        "▒": 0.6375455450117583,
        "░": 0.26446427627777047,
        "▄": 0.16411266168225552,
        "▌": 0.421872119974345,
        "▐": 0.4148071969358459,
        "▀": 0.40630283899563874,
        "│": 0.42715207635466385,
        "┤": 0.1670914192805273,
        "╡": 0.19136754125950647,
        "╢": 0.2793738407246563,
        "╖": 0.16896307559429352,
        "╕": 0.13823978446291554,
        "╣": 0.2842205727821011,
        "║": 0.26870266409574295,
        "╗": 0.1897064092575468,
        "╝": 0.2005624661589041,
        "╜": 0.1800247098419608,
        "╛": 0.14466370617339594,
        "┐": 0.11513276903981132,
        "└": 0.11935562316208247,
        "┴": 0.13625337937143112,
        "┬": 0.1309570611976087,
        "├": 0.16625220359131274,
        "─": 0.08470588382333517,
        "┼": 0.1825045567457046,
        "╞": 0.19106122316817442,
        "╟": 0.2798655836274228,
        "╚": 0.20084906738926137,
        "╔": 0.19057440481556367,
        "╩": 0.21727826141406675,
        "╦": 0.21144338072412125,
        "╠": 0.28549972303273796,
        "═": 0.12206980595886707,
        "╬": 0.3003993310487521,
        "╧": 0.1756087174480781,
        "╨": 0.19622817407809198,
        "╤": 0.16944401153332245,
        "╥": 0.18475538513780465,
        "╙": 0.17980704096247335,
        "╘": 0.14365381504115132,
        "╒": 0.13898518785172043,
        "╓": 0.16939080976976284,
        "╫": 0.29051713059078926,
        "╪": 0.22277734567622326,
        "┘": 0.12129518746650879,
        "┌": 0.11405930498826004
    }
}