{
    "width": 27,
    "height": 59,
    "brightness": {
        "A": 0.8001123352651224,
        "B": 0.7621273593387172,
        "C": 0.8430736857286079,
        "D": 0.7815833051857984,
        "E": 0.813827229720799,
        "F": 0.8452430268685841,
        "G": 0.7886247856829115,
        "H": 0.8026930967496025,
        "I": 0.8437351849970391,
        "J": 0.8633188734573823,
        "K": 0.8158787077865413,
        "L": 0.875941322189566,
        "M": 0.768770149965978,
        "N": 0.7733943266601171,
        "O": 0.7830125926570817,
        "P": 0.818341509342343,
        "Q": 0.7406472911999817,
        "R": 0.784986170523639,
        "S": 0.8224942585776626,
        "T": 0.8707211998430197,
        "U": 0.8137321623355926,
        "V": 0.8252000080638815,
        "W": 0.7726578547455145,
        "X": 0.8035374820743033,
        "Y": 0.8569977086558141,
        "Z": 0.8244308215487097,
        "a": 0.8155383361727472,
        "b": 0.7953666981389816,
        "c": 0.8743946978536253,
        "d": 0.793935554648065,
        "e": 0.8152063198416059,
        "f": 0.8377262464202162,
        "g": 0.7280162680780297,
        "h": 0.8172208418041847,
        "i": 0.854592947549608,
        "j": 0.8310041486151035,
        "k": 0.8271074833546183,
        "l": 0.850762158503472,
        "m": 0.7963751766482992,
        "n": 0.8441000559261592,
        "o": 0.8285628257551079,
        "p": 0.7972360776334586,
        "q": 0.79235881084098,
        "r": 0.8835311600018316,
        "s": 0.8564736906105868,
        "t": 0.8469767886898518,
        "u": 0.8435992620570029,
        "v": 0.8708024352467983,
        "w": 0.8151843786286864,
        "x": 0.8561946019370713,
        "y": 0.8259003539761786,
        "z": 0.8565427522726372,
        " ": 0.9999999999999999,
        "1": 0.8475681059810817,
        "2": 0.8302208565137551,
        "3": 0.8338732942509167,
        "4": 0.812168017558739,
        "5": 0.8266986895413682,
        "6": 0.7976149558572558,
        "7": 0.8665269307237016,
        "8": 0.7615898657959076,
        "9": 0.8003583109420724,
        "0": 0.7567123552502352,
        "!": 0.9072692568314875,
        "@": 0.6741907649613631,
        "#": 0.7734676077609361,
        "$": 0.7601831871918531,
        "%": 0.7601955649423212,
        "^": 0.9291041250206805,
        "&": 0.7364559613948847,
        "*": 0.9055299095427343,
        "(": 0.8764299625678493,
        ")": 0.8769325436876109,
        "-": 0.9636950876411219,
        "_": 0.9325037037081785,
        "=": 0.8929693488925415,
        "+": 0.8901190062886649,
        ",": 0.9387611292003551,
        ".": 0.968244860602731,
        "<": 0.9126061990874619,
        ">": 0.9140156571189711,
        ";": 0.9100691484653733,
        "'": 0.966800962666081,
        ":": 0.9418036362258091,
        "\"": 0.9364898664892299,
        "/": 0.9006257060992029,
        "?": 0.8795682414138721,
        "\\": 0.9006188870429038,
        "|": 0.877953424762142,
        "[": 0.8496762311438009,
        "]": 0.8398844261885591,
        "{": 0.853707180366247,
        "}": 0.8528829839209281,
        "`": 0.9808448359295958,
        "~": 0.9224266782823091,
        "█": 0.004429629695636258,
        "▓": 0.20710665191050512,
        "▒": 0.7129127801106042,
        "░": 0.8541391689589156,
        "▄": 0.510037251278411,
        "▌": 0.5079026086952463,
        "▐": 0.5106201227579341,
        "▀": 0.5076927293281992,
        "│": 0.8598765837062724,
        "┤": 0.8321150755275086,
        "╡": 0.8177049968594928,
        "╢": 0.7077214119780935,
        "╖": 0.8322013126075142,
        "╕": 0.8693677982579076,
        "╣": 0.6972320897862538,
        "║": 0.7276454029778547,
        "╗": 0.7941271400573253,
        "╝": 0.7988224885594768,
        "╜": 0.836814714362215,
        "╛": 0.8713099101867336,
        "┐": 0.895652647523034,
        "└": 0.8983678327948974,
        "┴": 0.8688297113298862,
        "┬": 0.8665970389954125,
        "├": 0.8324320505121955,
        "─": 0.9322033898305083,
        "┼": 0.8032233604947898,
        "╞": 0.817757826023165,
        "╟": 0.7075064814738137,
        "╚": 0.7985397417192576,
        "╔": 0.7934824075736256,
        "╩": 0.7673478358950414,
        "╦": 0.7636649662749022,
        "╠": 0.6964234638076519,
        "═": 0.8644067796610168,
        "╬": 0.6656754903743675,
        "╧": 0.8128090866543517,
        "╨": 0.8074626027711685,
        "╤": 0.810945012246897,
        "╥": 0.8030130945113706,
        "╙": 0.8368966611096662,
        "╘": 0.8717523458275456,
        "╒": 0.8675848408290141,
        "╓": 0.8319538279073596,
        "╫": 0.6874661973625881,
        "╪": 0.7592002641010309,
        "┘": 0.8975699597922733,
        "┌": 0.8961351604604241
    }
}