{
    "width": 50,
    "height": 106,
    "brightness": {
        "A": 0.8051492493054914,
        "B": 0.7677635386489106,
        "C": 0.8508437383998891,
        "D": 0.7881633093910934,
        "E": 0.819647678409877,
        "F": 0.8396764130873638,
        "G": 0.7921284066760186,
        "H": 0.8226394025155903,
        "I": 0.8453498301379491,
        "J": 0.832639039913951,
        "K": 0.8456711316920309,
        "L": 0.817330166770874,
        "M": 0.770700335817411,
        "N": 0.7780636719689592,
        "O": 0.7814422667816511,
        "P": 0.8272252411730638,
        "Q": 0.7435590490083988,
        "R": 0.8239038442363769,
        "S": 0.8702627726939004,
        "T": 0.8035850816297783,
        "U": 0.8239356719694858,
        "V": 0.8041291170317203,
        "W": 0.7916294743845275,
        "X": 0.8303811457384165,
        "Y": 0.8406733898569636,
        "Z": 0.9162162331756438,
        "a": 0.8328431716022329,
        "b": 0.8072750702679964,
        "c": 0.8809720520507068,
        "d": 0.8079946596429022,
        "e": 0.8368588741517727,
        "f": 0.8521677051244699,
        "g": 0.7529495239881758,
        "h": 0.8243848875213368,
        "i": 0.8627668022506664,
        "j": 0.822085215292509,
        "k": 0.8486971938571934,
        "l": 0.8115220194281172,
        "m": 0.8149967091912589,
        "n": 0.8498012545731909,
        "o": 0.8021688860001115,
        "p": 0.8389763325756744,
        "q": 0.7996800270929221,
        "r": 0.9120622747152899,
        "s": 0.8603144072405902,
        "t": 0.8466019528759404,
        "u": 0.8621816689034179,
        "v": 0.8486611147088976,
        "w": 0.8376476770364831,
        "x": 0.8271129888864636,
        "y": 0.865776823036203,
        "z": 0.936990074068746,
        " ": 0.9999999999999998,
        "1": 0.8524158840558124,
        "2": 0.8382458241479764,
        "3": 0.8410416843949027,
        "4": 0.8196433174395832,
        "5": 0.8333757768475302,
        "6": 0.8115268653471756,
        "7": 0.8655011685871228,
        "8": 0.7722996238514546,
        "9": 0.7920668187884161,
        "0": 0.8044458960620979,
        "!": 0.8365753093488953,
        "@": 0.737188665899062,
        "#": 0.7838717606888252,
        "$": 0.7475981300386495,
        "%": 0.8211343075445449,
        "^": 0.8589421364885704,
        "&": 0.8164663548041279,
        "*": 0.8933766869647598,
        "(": 0.888472681746685,
        ")": 0.8892421156696351,
        "-": 0.9526871350470024,
        "_": 0.9302284040331336,
        "=": 0.9054286549203073,
        "+": 0.9055962591355389,
        ",": 0.9783739356736976,
        ".": 0.9677647422044986,
        "<": 0.9136951478099388,
        ">": 0.9144312447630532,
        ";": 0.9163727356595102,
        "'": 0.9654732179850902,
        ":": 0.9486059653311176,
        "\"": 0.9328764330094487,
        "/": 0.9041095607480032,
        "?": 0.8883310324350843,
        "\\": 0.9041095607480033,
        "|": 0.8768599559640241,
        "[": 0.8552083139513112,
        "]": 0.848065449024873,
        "{": 0.8577731272886707,
        "}": 0.8658890029338562,
        "`": 0.9621599726962504,
        "~": 0.6119472062415012,
        "█": 0.09044699569454735,
        "▓": 0.45434083433246364,
        "▒": 0.7967568844336579,
        "░": 0.7286499892326721,
        "▄": 0.280869647096097,
        "▌": 0.9530511374908687,
        "▐": 0.27487117674231554,
        "▀": 0.6753253727969522,
        "│": 0.9431135687527059,
        "┤": 0.8384711360900828,
        "╡": 0.8213874690127988,
        "╢": 0.7162755384893509,
        "╖": 0.8326918776788325,
        "╕": 0.870830310180221,
        "╣": 0.7198856427691159,
        "║": 0.7187196235990401,
        "╗": 0.7997803637975622,
        "╝": 0.8140336135062327,
        "╜": 0.8272486656832139,
        "╛": 0.8862226838305843,
        "┐": 0.9158843405195936,
        "└": 0.8855960711905272,
        "┴": 0.8733311906748278,
        "┬": 0.8918523175814806,
        "├": 0.8197653647170168,
        "─": 0.9339622641509432,
        "┼": 0.8351835082563078,
        "╞": 0.7367830474920213,
        "╟": 0.7402644921525875,
        "╚": 0.7921852243026738,
        "╔": 0.7687554973889698,
        "╩": 0.7724889807984424,
        "╦": 0.7542045999689947,
        "╠": 0.7722753707182692,
        "═": 0.9364981235816792,
        "╬": 0.6747310174658996,
        "╧": 0.8186057552320943,
        "╨": 0.8085923940922634,
        "╤": 0.8200098958196052,
        "╥": 0.8164473974209889,
        "╙": 0.8418459575711087,
        "╘": 0.8747187704206129,
        "╒": 0.8741103916069115,
        "╓": 0.8275306738136238,
        "╫": 0.6839825210919097,
        "╪": 0.7772856872875165,
        "┘": 0.9171217093660442,
        "┌": 0.901475688663218
    }
}