{
    "width": 50,
    "height": 106,
    "brightness": {
        "A": 0.49624241340971476,
        "B": 0.5198153931439216,
        "C": 0.46755467250767074,
        "D": 0.5071517342372628,
        "E": 0.4864092405986266,
        "F": 0.4738470497662071,
        "G": 0.5046460229769525,
        "H": 0.4856638022766524,
        "I": 0.4704673804377881,
        "J": 0.478549915661404,
        "K": 0.4711289040987356,
        "L": 0.4888063578703056,
        "M": 0.5192278298048005,
        "N": 0.5136815847648618,
        "O": 0.5116380561726647,
        "P": 0.48233245712249584,
        "Q": 0.536088227854579,
        "R": 0.4845000768380422,
        "S": 0.4550882588029594,
        "T": 0.49761676644565583,
        "U": 0.4847872445129106,
        "V": 0.4976073436552762,
        "W": 0.5053196514132986,
        "X": 0.48022498322415935,
        "Y": 0.47360371347913643,
        "Z": 0.7395109991163539,
        "a": 0.47898023514797,
        "b": 0.4951825103800874,
        "c": 0.4483209980882125,
        "d": 0.49508043490282805,
        "e": 0.4761959214117049,
        "f": 0.46644833211985554,
        "g": 0.5297299155145282,
        "h": 0.48449355742951283,
        "i": 0.4594517185667874,
        "j": 0.48521255345798625,
        "k": 0.4692752984257307,
        "l": 0.4921171339203188,
        "m": 0.49004430178782554,
        "n": 0.4686857624592166,
        "o": 0.49837873749918293,
        "p": 0.4751347139316819,
        "q": 0.5004860856806537,
        "r": 0.428407596667373,
        "s": 0.4611888493097883,
        "t": 0.4703520752623562,
        "u": 0.4603321946022583,
        "v": 0.4691447354241744,
        "w": 0.4760175256257282,
        "x": 0.48249627882884,
        "y": 0.45773857551647945,
        "z": 0.7263521497194175,
        " ": 0.3723529432713833,
        "1": 0.4664378177262779,
        "2": 0.4751974537663068,
        "3": 0.4737114368468765,
        "4": 0.48719627289678613,
        "5": 0.47818317931160786,
        "6": 0.492616839708773,
        "7": 0.45770488920645763,
        "8": 0.5175408027132848,
        "9": 0.5047612932864,
        "0": 0.4975158341564885,
        "!": 0.4767261908688094,
        "@": 0.5404619505177033,
        "#": 0.5100856824267812,
        "$": 0.5334974131595541,
        "%": 0.48699566700286684,
        "^": 0.4623089603360325,
        "&": 0.4896469862230286,
        "*": 0.44040930890111274,
        "(": 0.44402833587068513,
        ")": 0.4431543476590045,
        "-": 0.402137831082667,
        "_": 0.4162235536077198,
        "=": 0.4317889372888666,
        "+": 0.4325934752782819,
        ",": 0.7002318293924212,
        ".": 0.3928893983230692,
        "<": 0.4276062810833647,
        ">": 0.4271360494859495,
        ";": 0.425724392788419,
        "'": 0.394367118642282,
        ":": 0.4051832414737259,
        "\"": 0.4152068552332924,
        "/": 0.4337690853948757,
        "?": 0.4435828685730033,
        "\\": 0.4337690853948757,
        "|": 0.45109305466058,
        "[": 0.464444602910335,
        "]": 0.4687421270400937,
        "{": 0.4633474968595033,
        "}": 0.45823656300265425,
        "`": 0.39646998876867945,
        "~": 0.6160083699633767,
        "█": 0.9453647243628686,
        "▓": 0.720932727314729,
        "▒": 0.5043129467688188,
        "░": 0.5441089527071269,
        "▄": 0.8234654516142568,
        "▌": 0.40393678664503935,
        "▐": 0.8278480008116512,
        "▀": 0.5771070604574556,
        "│": 0.7240587460955938,
        "┤": 0.47591494024505004,
        "╡": 0.4865288617348758,
        "╢": 0.5537838834652535,
        "╖": 0.4791339150232796,
        "╕": 0.4545665095376762,
        "╣": 0.5514791871530723,
        "║": 0.552183040723194,
        "╗": 0.49982455274284426,
        "╝": 0.49087962637822363,
        "╜": 0.4825187207728656,
        "╛": 0.4448901906548305,
        "┐": 0.42635956031748745,
        "└": 0.44521042966432783,
        "┴": 0.4529027537099716,
        "┬": 0.4414165110609029,
        "├": 0.4875967411577787,
        "─": 0.4138013338100657,
        "┼": 0.47803102752848853,
        "╞": 0.5391045384435987,
        "╟": 0.5389131486857893,
        "╚": 0.5044976152337874,
        "╔": 0.5200910855158941,
        "╩": 0.5166082166792296,
        "╦": 0.5290829316063869,
        "╠": 0.5164982159223295,
        "═": 0.7262674992554521,
        "╬": 0.5793979787180241,
        "╧": 0.4873030791537761,
        "╨": 0.4940900081365718,
        "╤": 0.48644313169345305,
        "╥": 0.48925683686023536,
        "╙": 0.47336569896598174,
        "╘": 0.45212798865131937,
        "╒": 0.4521919546225882,
        "╓": 0.4822651240266878,
        "╫": 0.5739974697771403,
        "╪": 0.5141558597893858,
        "┘": 0.42556157215626444,
        "┌": 0.5860174162516757
    }
}